<?xml version="1.0" encoding="UTF-8"?>
<project-private xmlns="http://www.netbeans.org/ns/project-private/1">
    <editor-bookmarks xmlns="http://www.netbeans.org/ns/editor-bookmarks/2" lastBookmarkId="0"/>
    <open-files xmlns="http://www.netbeans.org/ns/projectui-open-files/2">
        <group>
            <file>file:/C:/Users/patel/Desktop/Organ_Donor_Master/src/Userinterface/AdminWorkArea/ManageTransplantUser.java</file>
            <file>file:/C:/Users/patel/Desktop/Organ_Donor_Master/src/Userinterface/AdministartionOrg/ManageOrganRequestJpanel.java</file>
            <file>file:/C:/Users/patel/Desktop/Organ_Donor_Master/src/Userinterface/SystemAdninWorkArea/ManageEnterpriseAdminJpanel.java</file>
            <file>file:/C:/Users/patel/Desktop/Organ_Donor_Master/src/Userinterface/SystemAdninWorkArea/ManageNetworkJpanel.java</file>
            <file>file:/C:/Users/patel/Desktop/Organ_Donor_Master/src/Userinterface/SystemAdninWorkArea/ManageEnterpriseJPanel.java</file>
        </group>
    </open-files>
</project-private>
